{
    "Vectors": {
        "roblox": {
            "Framerate": [
                49,
                52,
                47,
                45,
                45,
                40
            ],
            "Sent": 467000,
            "Bandwidth": [
                104884.95937499999,
                73894.83455882354,
                227487.9627403846,
                233008.6224489796,
                233008.6224489796,
                237725.36569148937
            ],
            "Recieve": 467000
        },
        "warp": {
            "Framerate": [
                60,
                60,
                60,
                60,
                60,
                58
            ],
            "Sent": 599000,
            "Bandwidth": [
                0.5308991074562073,
                0.4494810104370117,
                0.7670400738716126,
                0.8999622690266577,
                0.8999622690266577,
                1.019798994064331
            ],
            "Recieve": 0
        },
        "bridgenet2": {
            "Framerate": [
                58,
                60,
                56,
                53,
                53,
                52
            ],
            "Sent": 462000,
            "Bandwidth": [
                160204.2689732143,
                45004.98820754717,
                184831.00105932205,
                188017.74245689656,
                188017.74245689656,
                209712.09735576923
            ],
            "Recieve": 462000
        },
        "packet": {
            "Framerate": [
                60,
                60,
                60,
                60,
                60,
                60
            ],
            "Sent": 600000,
            "Bandwidth": [
                78.43345642089844,
                61.49409484863281,
                78.582275390625,
                78.87904357910156,
                78.87904357910156,
                79.2531509399414
            ],
            "Recieve": 600000
        },
        "bytenet": {
            "Framerate": [
                60,
                61,
                60,
                59,
                59,
                58
            ],
            "Sent": 598000,
            "Bandwidth": [
                77.98338317871094,
                59.3956298828125,
                78.60484313964844,
                79.96454788466632,
                79.96454788466632,
                82.04877129916487
            ],
            "Recieve": 598000
        },
        "satset": {
            "Framerate": [
                38,
                38,
                37,
                37,
                37,
                37
            ],
            "Sent": 376000,
            "Bandwidth": [
                78.58119362278988,
                48.56520502190841,
                79.96993399955132,
                80.58724068306589,
                80.58724068306589,
                81.26370404217696
            ],
            "Recieve": 83056
        }
    },
    "Booleans": {
        "roblox": {
            "Framerate": [
                16,
                17,
                16,
                16,
                16,
                16
            ],
            "Sent": 113000,
            "Bandwidth": [
                200203.00091911766,
                117254.7216796875,
                203539.16360294118,
                213851.9384765625,
                213851.9384765625,
                218852.63671875
            ],
            "Recieve": 113000
        },
        "warp": {
            "Framerate": [
                60,
                60,
                60,
                60,
                60,
                60
            ],
            "Sent": 601000,
            "Bandwidth": [
                0.41485437750816347,
                0.39247944951057436,
                0.4449799060821533,
                0.4517025351524353,
                0.4517025351524353,
                0.4974772036075592
            ],
            "Recieve": 0
        },
        "bridgenet2": {
            "Framerate": [
                15,
                17,
                15,
                15,
                15,
                15
            ],
            "Sent": 98000,
            "Bandwidth": [
                72189.7578125,
                39939.29572610294,
                77040.9453125,
                78245.2109375,
                78245.2109375,
                78614.203125
            ],
            "Recieve": 98000
        },
        "packet": {
            "Framerate": [
                15,
                16,
                15,
                15,
                15,
                15
            ],
            "Sent": 144000,
            "Bandwidth": [
                25.46214485168457,
                11.299149692058564,
                25.77515983581543,
                25.86599349975586,
                25.86599349975586,
                28.60157012939453
            ],
            "Recieve": 144000
        },
        "bytenet": {
            "Framerate": [
                22,
                22,
                20,
                20,
                20,
                20
            ],
            "Sent": 211000,
            "Bandwidth": [
                22.084818753329189,
                10.890267979015002,
                23.87845802307129,
                23.892215251922609,
                23.892215251922609,
                26.250240325927736
            ],
            "Recieve": 211000
        },
        "satset": {
            "Framerate": [
                15,
                16,
                15,
                15,
                15,
                15
            ],
            "Sent": 82000,
            "Bandwidth": [
                13.107977867126465,
                8.091395795345307,
                13.188860893249512,
                13.188860893249512,
                13.188860893249512,
                13.405044555664063
            ],
            "Recieve": 19024
        }
    },
    "Mixed": {
        "roblox": {
            "Framerate": [
                60,
                61,
                60,
                60,
                60,
                60
            ],
            "Sent": 600000,
            "Bandwidth": [
                97609.03125,
                61312.561475409835,
                109738.9765625,
                110422.328125,
                110422.328125,
                115840.9453125
            ],
            "Recieve": 600000
        },
        "warp": {
            "Framerate": [
                60,
                60,
                60,
                60,
                60,
                59
            ],
            "Sent": 600000,
            "Bandwidth": [
                0.5904737710952759,
                0.43400758504867556,
                0.7897391319274902,
                0.9627410769462586,
                0.9627410769462586,
                1.0122475583674545
            ],
            "Recieve": 0
        },
        "bridgenet2": {
            "Framerate": [
                60,
                60,
                60,
                60,
                60,
                60
            ],
            "Sent": 600000,
            "Bandwidth": [
                8407.3330078125,
                6569.1884765625,
                8426.8212890625,
                8432.294921875,
                8432.294921875,
                8453.5078125
            ],
            "Recieve": 600000
        },
        "packet": {
            "Framerate": [
                60,
                60,
                60,
                60,
                60,
                60
            ],
            "Sent": 600000,